id,name,father_name,address,age
1,Dorothy Lindsey,Nicole Burton,"Unit 9964 Box 6166
DPO AP 14550",21
2,Adam Edwards,Brian Neal,"PSC 6662, Box 3929
APO AE 00947",31
3,Rebecca Williamson,Stephanie Moore,"6820 Reyes Groves Suite 793
East Stevenmouth, LA 63238",26
4,Katherine Edwards,Aaron Tucker,"99693 Hunter Street Apt. 336
East Candacehaven, AK 78679",27
5,Samantha Sims,Andrew Lara,"66209 Elizabeth Union
Kingmouth, NC 27271",18
6,Laurie Johnson,Jessica Ingram,"7019 Elizabeth Place
Williamsmouth, ME 24338",34
7,Amy Brown MD,Ryan Johnson,"4572 Latasha Circles Suite 734
Tammyhaven, IN 49302",22
8,Megan Gomez,Jose Clark II,"USNV Campos
FPO AE 18511",39
9,John Alvarez,David Lopez,"8134 Susan Station Apt. 815
Port Tyler, TX 21800",31
10,Robert Taylor,Zachary Rice,"79465 Kathleen Mission
South Regina, KS 81018",22
11,Julie Mitchell,Justin Jacobs,"92623 Barrera Plain
North Paulberg, IA 20859",33
12,Amber James,Ryan Matthews,"66542 Berger Hollow
West Harry, AZ 24939",29
13,Brittney Abbott,Michael Lee,"01831 Philip Mountain
Lake Brian, MH 33491",40
14,James Reyes,Chelsea Reid,"0827 Jodi Square
Port Wayneberg, MN 67501",33
15,Jennifer Wilson,Sydney Ortiz,"9885 Dodson Loop
West Thomasfurt, PA 33443",26
16,Diana Johnson DDS,Rodney Miller,"1487 Alvarez Landing Apt. 387
Kennethfort, TN 25492",38
17,Scott Mendoza,Danielle Walton,"890 Jamie Stravenue
Joelmouth, CT 86855",28
18,Justin Jackson,Stacy Parker,"73534 Jason Unions Suite 820
East Angela, GA 74082",30
19,Christopher Li,Brian Gray,"077 Lisa Islands Suite 381
East Allenview, OH 27846",25
20,Mackenzie Newton,Nicole Mora,"1336 Galloway Plaza Suite 258
West Amberbury, GA 17664",21
